"sample_id","lib_size"
"PN1_SID1",2463920
"PN1_SID10",802814
"PN1_SID11",3330110
"PN1_SID12",1875313
"PN1_SID13",1426178
"PN1_SID14",2018472
"PN1_SID15",922879
"PN1_SID16",1018051
"PN1_SID17",845205
"PN1_SID18",648506
"PN1_SID19",1499751
"PN1_SID2",1201540
"PN1_SID20",1133169
"PN1_SID21",1845993
"PN1_SID22",1157305
"PN1_SID23",3779513
"PN1_SID24",1755561
"PN1_SID25",1295353
"PN1_SID26",890973
"PN1_SID27",918509
"PN1_SID28",915913
"PN1_SID29",740059
"PN1_SID3",1497515
"PN1_SID30",4674763
"PN1_SID31",1080490
"PN1_SID32",1040163
"PN1_SID33",1200613
"PN1_SID34",960301
"PN1_SID35",1771182
"PN1_SID36",1235436
"PN1_SID37",640078
"PN1_SID38",941558
"PN1_SID39",1080965
"PN1_SID4",1565581
"PN1_SID40",953402
"PN1_SID41",716877
"PN1_SID42",838743
"PN1_SID43",1709225
"PN1_SID44",675462
"PN1_SID45",1181262
"PN1_SID46",1076510
"PN1_SID47",1829918
"PN1_SID48",1111076
"PN1_SID49",419447
"PN1_SID5",1039721
"PN1_SID50",758963
"PN1_SID51",584291
"PN1_SID52",927964
"PN1_SID53",1015746
"PN1_SID54",675755
"PN1_SID55",1122155
"PN1_SID56",1768907
"PN1_SID57",1005852
"PN1_SID58",852578
"PN1_SID59",1786742
"PN1_SID6",1239422
"PN1_SID60",1070814
"PN1_SID61",735462
"PN1_SID62",853548
"PN1_SID63",859071
"PN1_SID64",739474
"PN1_SID65",506364
"PN1_SID66",478198
"PN1_SID67",658913
"PN1_SID68",1155532
"PN1_SID69",780951
"PN1_SID7",1463710
"PN1_SID70",857379
"PN1_SID71",1498667
"PN1_SID72",1035100
"PN1_SID73",473069
"PN1_SID74",1037442
"PN1_SID75",1055095
"PN1_SID76",677926
"PN1_SID77",764121
"PN1_SID78",865347
"PN1_SID79",475800
"PN1_SID8",1086928
"PN1_SID80",912438
"PN1_SID81",1071954
"PN1_SID82",1451812
"PN1_SID83",1813198
"PN1_SID84",1569095
"PN1_SID85",848698
"PN1_SID86",1344769
"PN1_SID87",571212
"PN1_SID88",661160
"PN1_SID89",818482
"PN1_SID9",1301920
"PN1_SID90",494517
"PN1_SID91",874767
"PN1_SID92",771184
"PN1_SID93",728868
"PN1_SID94",847835
"PN1_SID95",1281245
"PN1_SID96",1766436
"PN2_SID100",1356233
"PN2_SID101",1276352
"PN2_SID102",1263125
"PN2_SID103",858150
"PN2_SID104",1205354
"PN2_SID105",1043426
"PN2_SID106",1176357
"PN2_SID107",1465925
"PN2_SID108",482081
"PN2_SID109",1109035
"PN2_SID110",1054563
"PN2_SID111",843418
"PN2_SID112",1223950
"PN2_SID113",865386
"PN2_SID114",1374291
"PN2_SID115",1263418
"PN2_SID116",1419703
"PN2_SID117",1254537
"PN2_SID118",1346308
"PN2_SID119",1181086
"PN2_SID120",835378
"PN2_SID121",886848
"PN2_SID122",985474
"PN2_SID123",705666
"PN2_SID124",1057455
"PN2_SID125",956771
"PN2_SID126",966082
"PN2_SID127",1351450
"PN2_SID128",1122330
"PN2_SID129",732516
"PN2_SID130",790110
"PN2_SID131",929188
"PN2_SID132",931585
"PN2_SID133",1010878
"PN2_SID134",1543807
"PN2_SID135",794629
"PN2_SID136",988163
"PN2_SID137",1412529
"PN2_SID138",934114
"PN2_SID139",917210
"PN2_SID140",951533
"PN2_SID141",977885
"PN2_SID142",1111315
"PN2_SID143",958210
"PN2_SID144",772162
"PN2_SID145",720024
"PN2_SID146",1107741
"PN2_SID147",683083
"PN2_SID148",1083559
"PN2_SID149",1068472
"PN2_SID150",735871
"PN2_SID151",241032
"PN2_SID152",654304
"PN2_SID153",853388
"PN2_SID154",824555
"PN2_SID155",876472
"PN2_SID156",771299
"PN2_SID157",636408
"PN2_SID158",911677
"PN2_SID159",846187
"PN2_SID160",802475
"PN2_SID161",716247
"PN2_SID162",626874
"PN2_SID163",902621
"PN2_SID164",751526
"PN2_SID165",609638
"PN2_SID166",819805
"PN2_SID167",820927
"PN2_SID168",1009982
"PN2_SID169",777009
"PN2_SID170",837234
"PN2_SID171",1092487
"PN2_SID172",680851
"PN2_SID173",718398
"PN2_SID174",673372
"PN2_SID175",983005
"PN2_SID176",601437
"PN2_SID177",761895
"PN2_SID178",978224
"PN2_SID179",812754
"PN2_SID180",591801
"PN2_SID181",615068
"PN2_SID182",551162
"PN2_SID183",800153
"PN2_SID184",657928
"PN2_SID185",993475
"PN2_SID186",715496
"PN2_SID187",1111574
"PN2_SID188",585432
"PN2_SID189",988171
"PN2_SID190",581203
"PN2_SID191",932072
"PN2_SID192",986103
"PN2_SID97",1177171
"PN2_SID98",951289
"PN2_SID99",1186742
"PN3_SID193",809180
"PN3_SID194",632388
"PN3_SID195",588609
"PN3_SID196",579157
"PN3_SID197",634135
"PN3_SID198",667428
"PN3_SID199",577248
"PN3_SID200",900307
"PN3_SID201",476711
"PN3_SID202",995706
"PN3_SID203",630244
"PN3_SID204",718044
"PN3_SID205",474506
"PN3_SID206",738032
"PN3_SID207",620337
"PN3_SID208",727123
"PN3_SID209",651019
"PN3_SID210",1101618
"PN3_SID211",678729
"PN3_SID212",674885
"PN3_SID213",608643
"PN3_SID214",486662
"PN3_SID215",671507
"PN3_SID216",641236
"PN3_SID217",652870
"PN3_SID218",625426
"PN3_SID219",463596
"PN3_SID220",619438
"PN3_SID221",828103
"PN3_SID222",708585
"PN3_SID223",566389
"PN3_SID224",662229
"PN3_SID225",534069
"PN3_SID226",655917
"PN3_SID227",541440
"PN3_SID228",573943
"PN3_SID229",861491
"PN3_SID230",946009
"PN3_SID231",534740
"PN3_SID232",696538
"PN3_SID233",1161938
"PN3_SID234",237555
"PN3_SID235",689254
"PN3_SID236",696056
"PN3_SID237",607484
"PN3_SID238",583572
"PN3_SID239",555406
"PN3_SID240",466739
"PN3_SID241",554131
"PN3_SID242",515549
"PN3_SID243",480620
"PN3_SID244",548850
"PN3_SID245",651444
"PN3_SID246",427739
"PN3_SID247",544573
"PN3_SID248",523203
"PN3_SID249",538328
"PN3_SID250",581440
"PN3_SID251",433403
"PN3_SID252",452442
"PN3_SID253",517194
"PN3_SID254",437228
"PN3_SID255",492316
"PN3_SID256",387797
"PN3_SID257",464315
"PN3_SID258",357250
"PN3_SID259",518521
"PN3_SID260",508532
"PN3_SID261",308467
"PN3_SID262",415464
"PN3_SID263",515816
"PN3_SID264",555056
"PN3_SID265",724826
"PN3_SID266",568961
"PN3_SID267",651003
"PN3_SID268",533549
"PN3_SID269",544201
"PN3_SID270",614836
"PN3_SID271",547585
"PN3_SID272",723866
"PN3_SID273",620633
"PN3_SID274",862004
"PN3_SID275",606526
"PN3_SID276",818043
"PN3_SID277",340310
"PN3_SID278",603145
"PN3_SID279",726466
"PN3_SID280",547252
"PN3_SID281",560803
"PN3_SID282",468303
"PN3_SID283",506062
"PN3_SID284",531685
"PN3_SID285",586115
"PN3_SID286",716721
"PN3_SID287",450066
"PN3_SID288",431112
"PN4_SID289",374961
"PN4_SID290",347825
"PN4_SID291",551140
"PN4_SID292",389557
"PN4_SID293",302481
"PN4_SID294",408763
"PN4_SID295",487778
"PN4_SID296",577910
"PN4_SID297",534244
"PN4_SID298",455263
"PN4_SID299",492203
"PN4_SID300",429727
"PN4_SID301",477695
"PN4_SID302",565428
"PN4_SID303",391367
"PN4_SID304",442423
"PN4_SID305",314982
"PN4_SID306",439434
"PN4_SID307",662234
"PN4_SID308",471321
"PN4_SID309",569100
"PN4_SID310",615018
"PN4_SID311",894820
"PN4_SID312",258635
"PN4_SID313",376387
"PN4_SID314",304644
"PN4_SID315",467003
"PN4_SID316",393013
"PN4_SID317",347808
"PN4_SID318",451705
"PN4_SID319",371335
"PN4_SID320",649771
"PN4_SID321",631879
"PN4_SID322",622161
"PN4_SID323",258064
"PN4_SID324",339124
"PN4_SID325",483632
"PN4_SID326",836500
"PN4_SID327",438059
"PN4_SID328",627565
"PN4_SID329",551471
"PN4_SID330",747374
"PN4_SID331",522631
"PN4_SID332",693462
"PN4_SID333",543887
"PN4_SID334",775279
"PN4_SID335",445030
"PN4_SID336",302549
"PN4_SID337",316158
"PN4_SID338",384874
"PN4_SID339",228339
"PN4_SID340",449415
"PN4_SID341",381530
"PN4_SID342",543696
"PN4_SID343",479714
"PN4_SID344",368441
"PN4_SID345",552832
"PN4_SID346",423580
"PN4_SID347",427883
"PN4_SID348",307427
"PN4_SID349",102476
"PN4_SID350",156291
"PN4_SID351",335699
"PN4_SID352",250796
"PN4_SID353",168180
"PN4_SID354",232541
"PN4_SID355",232059
"PN4_SID356",237525
"PN4_SID357",283093
"PN4_SID358",276344
"PN4_SID359",333403
"PN4_SID360",264672
"PN4_SID361",175880
"PN4_SID362",234742
"PN4_SID363",487401
"PN4_SID364",178346
"PN4_SID365",326029
"PN4_SID366",112201
"PN4_SID367",368384
"PN4_SID368",363743
"PN4_SID369",251975
"PN4_SID370",280156
"PN4_SID371",366542
"PN4_SID372",160836
"PN4_SID373",516551
"PN4_SID374",277119
"PN4_SID375",383922
"PN4_SID376",394985
"PN4_SID377",432851
"PN4_SID378",415269
"PN4_SID379",316089
"PN4_SID380",447151
"PN4_SID381",419682
"PN4_SID382",456248
"PN4_SID383",603056
"PN4_SID384",720720
