Subcomplex	Subunit	Gene_ID	Chromosome	GFF3_Annotation	BLAST_Evidence	Genome
SubM	NdhA	-	chloroplast	NADH dehydrogenase subunit 1 (ndhA)	chloroplast-encoded	chloroplast
SubM	NdhB	-	chloroplast	NADH dehydrogenase subunit 2 (ndhB)	chloroplast-encoded	chloroplast
SubM	NdhC	-	chloroplast	NADH dehydrogenase subunit 3 (ndhC)	chloroplast-encoded	chloroplast
SubM	NdhD	-	chloroplast	NADH dehydrogenase subunit 4 (ndhD)	chloroplast-encoded	chloroplast
SubM	NdhE	-	chloroplast	NADH dehydrogenase subunit 4L (ndhE)	chloroplast-encoded	chloroplast
SubM	NdhF	-	chloroplast	NADH dehydrogenase subunit 5 (ndhF)	chloroplast-encoded	chloroplast
SubM	NdhG	-	chloroplast	NADH dehydrogenase subunit 6 (ndhG)	chloroplast-encoded	chloroplast
SubA	NdhH	-	chloroplast	NADH dehydrogenase subunit 7 (ndhH)	chloroplast-encoded	chloroplast
SubA	NdhI	-	chloroplast	NADH dehydrogenase subunit I (ndhI)	chloroplast-encoded	chloroplast
SubA	NdhJ	-	chloroplast	NADH dehydrogenase subunit J (ndhJ)	chloroplast-encoded	chloroplast
SubA	NdhK	-	chloroplast	NADH dehydrogenase subunit K (ndhK)	chloroplast-encoded	chloroplast
SubA	NdhL	Zm00001eb312390	chr7	NAD(P)H-quinone oxidoreductase subunit L chloroplastic	BLAST 50.0% id	nuclear
SubA	NdhL	Zm00001eb099410	chr2	NAD(P)H-quinone oxidoreductase subunit L chloroplastic	BLAST 52.8% id (homeolog)	nuclear
SubA	NdhM	Zm00001eb075370	chr2	NAD(P)H-quinone oxidoreductase subunit M, chloroplastic (NAD(P)H dehydrogenase subunit M) (NADH-plastoquinone oxidoreductase subunit M)	BLAST 62.9% id	nuclear
SubA	NdhM	Zm00001eb427570	chr10	NAD(P)H-quinone oxidoreductase subunit M, chloroplastic (NAD(P)H dehydrogenase subunit M) (NADH-plastoquinone oxidoreductase subunit M)	BLAST 64.9% id (homeolog)	nuclear
SubA	NdhN	Zm00001eb145680	chr3	NAD(P)H-quinone oxidoreductase subunit N, chloroplastic	BLAST 75.9% id	nuclear
SubA	NdhO	Zm00001eb362560	chr8	NAD(P)H-quinone oxidoreductase subunit O, chloroplastic; NAD(P)H-quinone oxidoreductase subunit O chloroplastic	BLAST 85.1% id	nuclear
SubE	NdhS	Zm00001eb224490	chr5	NAD(P)H-quinone oxidoreductase subunit S chloroplastic	BLAST 51.8% id	nuclear
SubE	NdhT	Zm00001eb168470	chr4	Heat shock protein binding protein	BLAST 62.2% id	nuclear
SubE	NdhU	Zm00001eb409580	chr10	NAD(P)H-quinone oxidoreductase subunit U chloroplastic	BLAST 53.0% id	nuclear
SubE	NdhV	-	-	NDH subunit V; stabilizes NDH complex under high light (AT4G37925 ortholog)	maize ortholog not yet identified in B73v5	nuclear
SubB	PnsB1	Zm00001eb176730	chr4	Photosynthetic NDH subunit of subcomplex B 1, chloroplastic	BLAST 63.4% id	nuclear
SubB	PnsB1	Zm00001eb412420	chr10	Photosynthetic NDH subunit of subcomplex B 1, chloroplastic; Photosynthetic NDH subunit of subcomplex B 1 chloroplastic	BLAST 62.2% id (homeolog)	nuclear
SubB	PnsB2	Zm00001eb403240	chr9	Photosynthetic NDH subunit of subcomplex B 2 chloroplastic	BLAST 54.4% id	nuclear
SubB	PnsB2	Zm00001eb004410	chr1	Photosynthetic NDH subunit of subcomplex B 2 chloroplastic	BLAST 53.7% id (homeolog)	nuclear
SubB	PnsB3	Zm00001eb321670	chr7	Electron carrier/ electron transporter/ iron ion binding protein (Photosynthetic NDH subunit of subcomplex B 3 chloroplastic)	BLAST 71.9% id	nuclear
SubB	PnsB3	Zm00001eb105200	chr2	2Fe-2S ferredoxin-type domain-containing protein	BLAST 71.2% id (homeolog)	nuclear
SubB	PnsB4	Zm00001eb254450	chr5	Photosynthetic NDH subunit of subcomplex B 4 chloroplastic; Uncharacterized protein	BLAST 63.1% id	nuclear
SubB	PnsB5	Zm00001eb142440	chr3	Photosynthetic NDH subunit of subcomplex B 5 chloroplastic	BLAST 61.6% id	nuclear
SubL	PnsL1/PPL2	Zm00001eb012750	chr1	PsbP C-terminal domain-containing protein	BLAST 63.5% id	nuclear
SubL	PnsL2	Zm00001eb183170	chr4	Oxygen evolving enhancer protein 3; Uncharacterized protein	BLAST 66.4% id	nuclear
SubL	PnsL2	Zm00001eb244980	chr5	Photosynthetic NDH subunit of lumenal location 2 chloroplastic; Photosynthetic NDH subunit of lumenal location 2, chloroplastic	BLAST 64.8% id (homeolog)	nuclear
SubL	PnsL3	Zm00001eb298270	chr7	Oxygen evolving enhancer protein 3 containing protein	BLAST 56.4% id	nuclear
SubL	PnsL4/FKBP16-2	Zm00001eb255120	chr5	peptidylprolyl isomerase (EC 5.2.1.8)	BLAST 68.9% id	nuclear
SubL	PnsL5/CYP20-2	Zm00001eb356220	chr8	Peptidyl-prolyl cis-trans isomerase (PPIase) (EC 5.2.1.8)	BLAST 82.3% id	nuclear
SubL	PnsL5/CYP20-2	Zm00001eb267580	chr6	Peptidyl-prolyl cis-trans isomerase (PPIase) (EC 5.2.1.8)	BLAST 86.0% id (homeolog)	nuclear
SubM	CRR3	Zm00001eb309450	chr7	Putative NAD(P)H dehydrogenase subunit CRR3 chloroplastic	BLAST 40.3% id + GFF3 annotation	nuclear
PSI-linker	Lhca5	Zm00001eb255850	chr5	Chlorophyll a-b binding protein, chloroplastic	BLAST 76.3% id	nuclear
PSI-linker	Lhca6	Zm00001eb100140	chr2	Chlorophyll a-b binding protein, chloroplastic	BLAST 71.3% id	nuclear
PSI-linker	Lhca6	Zm00001eb325410	chr7	Chlorophyll a-b binding protein, chloroplastic	BLAST 64.9% id (homeolog)	nuclear
