pool	barcode	sample_id	group
1	AACAACCGAAGTAA	PN1_SID16	B73
1	AACAGGATAACTCC	PN1_SID2	B73
1	AACCATCGCATCCA	PN1_SID11	B73
1	AACTAGTATCCGGA	PN1_SID17	B73
1	AAGCCTTAGGCCGC	PN1_SID78	B73
1	AAGTACTGATCCAA	PN1_SID35	B73
1	AATGTGTGGATACC	PN1_SID79	B73
1	ACAAGGTTCCGCCG	PN1_SID89	B73
1	ACAATAGGTGGTCC	PN1_SID10	B73
1	ACAGACGATAGTCA	PN1_SID47	B73
1	ACATCTTCTTGAAC	PN1_SID46	B73
1	ACCAATCCGTATAA	PN1_SID67	B73
1	ACCGATGTGCCGGA	PN1_SID43	B73
1	ACCGGATAACGGAA	PN1_SID21	B73
1	ACGAGCAGATGCAG	PN1_SID4	B73
1	ACGCTCCTAACGGC	PN1_SID55	B73
1	ACGGCTCTTAGGCC	PN1_SID71	B73
1	ACTATCTGCAGTCG	PN1_SID48	B73
1	ATACCGTTGGAGGA	PN1_SID33	B73
1	ATCCGGCGATGACC	PN1_SID60	B73
1	ATCCTAAGTGGAGG	PN1_SID76	B73
1	ATCGATGTCATAGC	PN1_SID62	B73
1	ATGAATGTTGCCAC	PN1_SID94	Teo
1	ATGCTATCTAGACA	PN1_SID66	B73
1	ATGTAGGTAATCGG	PN1_SID27	B73
1	ATTATCGGATTCGG	PN1_SID75	B73
1	ATTCCAGTTCTTGC	PN1_SID96	B73
1	ATTCCGCTCTGAGG	PN1_SID42	B73
1	CAACCAACCTATAG	PN1_SID85	B73
1	CAAGTATAAGGAAC	PN1_SID8	B73
1	CACATCGACAGCAG	PN1_SID58	B73
1	CAGATCGCTCTGCG	PN1_SID30	B73
1	CAGCAGCGCTGACA	PN1_SID28	B73
1	CAGTCTAGTGCGCA	PN1_SID12	B73
1	CATGCTAGCGATCG	PN1_SID25	B73
1	CATGGAACTCCGGC	PN1_SID82	B73
1	CATGTGTACTAGCA	PN1_SID49	B73
1	CCGCAAGAGGTTGG	PN1_SID13	B73
1	CCGGTAGAATGGCC	PN1_SID86	B73
1	CCTCCATCCATGGA	PN1_SID70	Teo
1	CTCAATTAGAGACC	PN1_SID56	B73
1	CTCCGCATGCTTCC	PN1_SID63	Teo
1	CTCCTAACACAGCC	PN1_SID32	B73
1	CTCGTGCCTCAGGA	PN1_SID68	B73
1	CTCTGGCTTGCAGG	PN1_SID50	B73
1	CTGATATGCAGCGA	PN1_SID9	B73
1	CTTATATCGTCGGC	PN1_SID34	B73
1	CTTGATAAGCCAGG	PN1_SID81	B73
1	TAACACCTCCAACG	PN1_SID14	B73
1	TAAGCAACAGCCGA	PN1_SID26	B73
1	TAAGGACCTCATAA	PN1_SID83	B73
1	TACGTTATTCCGAA	PN1_SID1	B73
1	TATGACTGCATGCG	PN1_SID20	B73
1	TATGAGAGCTATGA	PN1_SID73	B73
1	TCCAACTACCGAAC	PN1_SID72	B73
1	TCCAAGGCATTAAG	PN1_SID19	B73
1	TCCAGAAGGCAACA	PN1_SID92	B73
1	TCCATGTGTCCAGG	PN1_SID61	B73
1	TCCGAAGTTGTAGA	PN1_SID87	B73
1	TCGATGCTATATGA	PN1_SID88	Teo
1	TCTGTCTATGCAGC	PN1_SID84	B73
1	TTAACTTACGGTCA	PN1_SID24	B73
1	TTGCTACCATTGAA	PN1_SID38	B73
2	AACATGGCACGGAA	PN2_SID161	B73
2	AACCATCGCATCCA	PN2_SID107	B73
2	AACTAGTATCCGGA	PN2_SID113	Teo
2	AAGCCTTAGGCCGC	PN2_SID174	B73
2	AAGCGCACCGGAAC	PN2_SID135	B73
2	AATGTGTGGATACC	PN2_SID175	B73
2	ACAGACGATAGTCA	PN2_SID143	Teo
2	ACATCTTCTTGAAC	PN2_SID142	B73
2	ACCGATGTGCCGGA	PN2_SID139	B73
2	ACCGGATAACGGAA	PN2_SID117	B73
2	ACGAGCAGATGCAG	PN2_SID100	B73
2	ACGCTCCTAACGGC	PN2_SID151	B73
2	ACGGCTCTTAGGCC	PN2_SID167	B73
2	ACTCAGGCACCTCC	PN2_SID99	B73
2	ACTTAAGGTCCAAC	PN2_SID187	B73
2	ATACCGTTGGAGGA	PN2_SID129	B73
2	ATACGATGCTGCGC	PN2_SID173	B73
2	ATCCGGCGATGACC	PN2_SID156	Teo
2	ATCCTAAGTGGAGG	PN2_SID172	B73
2	ATCGATGTCATAGC	PN2_SID158	B73
2	ATGAATGTTGCCAC	PN2_SID190	B73
2	ATGCTATCTAGACA	PN2_SID162	B73
2	ATGCTGCAACGGCA	PN2_SID176	B73
2	ATGTAGGTAATCGG	PN2_SID123	B73
2	ATTCCAGTTCTTGC	PN2_SID192	B73
2	ATTCCGCTCTGAGG	PN2_SID138	B73
2	ATTGCGTCCATTAG	PN2_SID133	B73
2	CAACCAACCTATAG	PN2_SID181	Teo
2	CAAGTATAAGGAAC	PN2_SID104	B73
2	CACGTAGCTAGACG	PN2_SID160	B73
2	CAGACATGATAGAG	PN2_SID111	B73
2	CAGATCGCTCTGCG	PN2_SID126	B73
2	CAGCAGCGCTGACA	PN2_SID124	B73
2	CATGGAACTCCGGC	PN2_SID178	Teo
2	CATGTGTACTAGCA	PN2_SID145	B73
2	CCACGTTCCGGTAG	PN2_SID186	B73
2	CCATATTGAAGCAC	PN2_SID148	B73
2	CCGCAAGAGGTTGG	PN2_SID109	B73
2	CCGGTAGAATGGCC	PN2_SID182	B73
2	CCTCCATCCATGGA	PN2_SID166	B73
2	CTAAGGAAGGACCG	PN2_SID140	B73
2	CTCCGCATGCTTCC	PN2_SID159	B73
2	CTCCTAACACAGCC	PN2_SID128	B73
2	CTCGGTTCGAATGC	PN2_SID102	Teo
2	CTCGTGCCTCAGGA	PN2_SID164	B73
2	CTGATATGCAGCGA	PN2_SID105	B73
2	CTGCTCATGAGAGA	PN2_SID189	B73
2	CTTATATCGTCGGC	PN2_SID130	B73
2	CTTGATAAGCCAGG	PN2_SID177	B73
2	TAACACCTCCAACG	PN2_SID110	B73
2	TAACCTAACTTCAC	PN2_SID127	B73
2	TAAGCAACAGCCGA	PN2_SID122	B73
2	TAAGGACCTCATAA	PN2_SID179	B73
2	TACGTTATTCCGAA	PN2_SID97	B73
2	TCAGCGTGTCGTCA	PN2_SID137	B73
2	TCCAACTACCGAAC	PN2_SID168	B73
2	TCCAAGGCATTAAG	PN2_SID115	B73
2	TCCAGAAGGCAACA	PN2_SID188	B73
2	TCCATGTGTCCAGG	PN2_SID157	B73
2	TCGATTGGTAATGG	PN2_SID149	B73
2	TTAACTTACGGTCA	PN2_SID120	B73
2	TTCATGGTAGAGAG	PN2_SID150	B73
2	TTGCTACCATTGAA	PN2_SID134	B73
3	AACAACCGAAGTAA	PN3_SID208	B73
3	AACAGGATAACTCC	PN3_SID194	B73
3	AACATGGCACGGAA	PN3_SID257	B73
3	AACCATCGCATCCA	PN3_SID203	B73
3	AACCTGCTATCCGG	PN3_SID251	B73
3	AAGTACTGATCCAA	PN3_SID227	Teo
3	AATGTGTGGATACC	PN3_SID271	B73
3	ACAATAGGTGGTCC	PN3_SID202	B73
3	ACATCTTCTTGAAC	PN3_SID238	B73
3	ACCGATGTGCCGGA	PN3_SID235	B73
3	ACGAGCAGATGCAG	PN3_SID196	B73
3	ACGCAGCGAGCAGA	PN3_SID210	B73
3	ACGCTCCTAACGGC	PN3_SID247	B73
3	ACGGCTCTTAGGCC	PN3_SID263	B73
3	ACTCAGGCACCTCC	PN3_SID195	Teo
3	ACTTAAGGTCCAAC	PN3_SID283	B73
3	ATAATATTGCCTCC	PN3_SID214	B73
3	ATACGATGCTGCGC	PN3_SID269	B73
3	ATCCTAAGTGGAGG	PN3_SID268	Teo
3	ATCGATGTCATAGC	PN3_SID254	Teo
3	ATGAATGTTGCCAC	PN3_SID286	B73
3	ATGCTATCTAGACA	PN3_SID258	B73
3	ATTATCGGATTCGG	PN3_SID267	B73
3	ATTCCGCTCTGAGG	PN3_SID234	B73
3	ATTGCGTCCATTAG	PN3_SID229	B73
3	CAAGGCGTGGTTAC	PN3_SID266	B73
3	CAAGTATAAGGAAC	PN3_SID200	B73
3	CACATCGACAGCAG	PN3_SID250	B73
3	CAGCAGCGCTGACA	PN3_SID220	B73
3	CAGTCTAGTGCGCA	PN3_SID204	B73
3	CATGCTAGCGATCG	PN3_SID217	B73
3	CATGGAACTCCGGC	PN3_SID274	B73
3	CATGTGTACTAGCA	PN3_SID241	B73
3	CCACGTTCCGGTAG	PN3_SID282	B73
3	CCATATTGAAGCAC	PN3_SID244	B73
3	CCGCAAGAGGTTGG	PN3_SID205	B73
3	CCTCCATCCATGGA	PN3_SID262	B73
3	CTAAGGAAGGACCG	PN3_SID236	B73
3	CTCAATTAGAGACC	PN3_SID248	B73
3	CTCCGCATGCTTCC	PN3_SID255	B73
3	CTCCTAACACAGCC	PN3_SID224	B73
3	CTCGGTTCGAATGC	PN3_SID198	B73
3	CTCTCAAGTCCTCC	PN3_SID287	B73
3	CTGATATGCAGCGA	PN3_SID201	B73
3	CTGCTCATGAGAGA	PN3_SID285	B73
3	CTTGATAAGCCAGG	PN3_SID273	B73
3	TAACCTAACTTCAC	PN3_SID223	B73
3	TAAGCAACAGCCGA	PN3_SID218	B73
3	TACACTATAGCTAG	PN3_SID199	B73
3	TACTGACTATCGAG	PN3_SID228	B73
3	TATGACTGCATGCG	PN3_SID212	B73
3	TATGTACGTAGAGA	PN3_SID221	Teo
3	TCAGCGTGTCGTCA	PN3_SID233	Teo
3	TCCAACTACCGAAC	PN3_SID264	B73
3	TCCAAGGCATTAAG	PN3_SID211	B73
3	TCCAGAAGGCAACA	PN3_SID284	B73
3	TCCGAAGTTGTAGA	PN3_SID279	B73
3	TCGATCTTCGGCAG	PN3_SID249	B73
3	TCGATTGGTAATGG	PN3_SID245	B73
3	TCTTGAACGACTAA	PN3_SID215	Teo
3	TTAACTTACGGTCA	PN3_SID216	B73
3	TTCAATCTCCTTAG	PN3_SID197	B73
3	TTCTGAGGCGATGG	PN3_SID237	Teo
3	TTGCTACCATTGAA	PN3_SID230	B73
4	AACAACCGAAGTAA	PN4_SID304	B73
4	AACATGGCACGGAA	PN4_SID353	B73
4	AACCATCGCATCCA	PN4_SID299	B73
4	AACCTGCTATCCGG	PN4_SID347	B73
4	AACTAGTATCCGGA	PN4_SID305	B73
4	AAGCCTTAGGCCGC	PN4_SID366	B73
4	ACAAGGTTCCGCCG	PN4_SID377	B73
4	ACAATAGGTGGTCC	PN4_SID298	B73
4	ACATCTTCTTGAAC	PN4_SID334	B73
4	ACCAACTTAGACAA	PN4_SID328	B73
4	ACCGGATAACGGAA	PN4_SID309	B73
4	ACGAGCAGATGCAG	PN4_SID292	B73
4	ACGCAGCGAGCAGA	PN4_SID306	B73
4	ACGGCCTTCAACCA	PN4_SID339	Teo
4	ACGGCTCTTAGGCC	PN4_SID359	B73
4	ACTATCTGCAGTCG	PN4_SID336	B73
4	ACTCAGGCACCTCC	PN4_SID291	B73
4	ATACCGTTGGAGGA	PN4_SID321	B73
4	ATACGATGCTGCGC	PN4_SID365	B73
4	ATCCTAAGTGGAGG	PN4_SID364	B73
4	ATCGATGTCATAGC	PN4_SID350	B73
4	ATGCAATTACACCG	PN4_SID357	B73
4	ATTATCGGATTCGG	PN4_SID363	B73
4	ATTCCAGTTCTTGC	PN4_SID384	B73
4	ATTCCGCTCTGAGG	PN4_SID330	B73
4	ATTGCGTCCATTAG	PN4_SID325	B73
4	CAACCAACCTATAG	PN4_SID373	B73
4	CAAGTATAAGGAAC	PN4_SID296	B73
4	CACGTAGCTAGACG	PN4_SID352	B73
4	CAGACATGATAGAG	PN4_SID303	B73
4	CAGATCGCTCTGCG	PN4_SID318	B73
4	CAGCAGCGCTGACA	PN4_SID316	B73
4	CAGTCTAGTGCGCA	PN4_SID300	B73
4	CATGCTAGCGATCG	PN4_SID313	B73
4	CATGGAACTCCGGC	PN4_SID370	B73
4	CATGTGTACTAGCA	PN4_SID337	B73
4	CCACGTTCCGGTAG	PN4_SID378	B73
4	CCATATTGAAGCAC	PN4_SID340	B73
4	CCTCCATCCATGGA	PN4_SID358	B73
4	CTCAATTAGAGACC	PN4_SID344	B73
4	CTCCGCATGCTTCC	PN4_SID351	B73
4	CTCCTAACACAGCC	PN4_SID320	Teo
4	CTCTCAAGTCCTCC	PN4_SID383	B73
4	CTGATATGCAGCGA	PN4_SID297	B73
4	CTGCTCATGAGAGA	PN4_SID381	B73
4	CTTATATCGTCGGC	PN4_SID322	Teo
4	CTTGATAAGCCAGG	PN4_SID369	B73
4	TAACCTAACTTCAC	PN4_SID319	B73
4	TAAGCAACAGCCGA	PN4_SID314	Teo
4	TAAGGACCTCATAA	PN4_SID371	B73
4	TACGTTATTCCGAA	PN4_SID289	B73
4	TATGACTGCATGCG	PN4_SID308	B73
4	TATGAGAGCTATGA	PN4_SID361	B73
4	TCAGCGTGTCGTCA	PN4_SID329	B73
4	TCCAACTACCGAAC	PN4_SID360	B73
4	TCCAAGGCATTAAG	PN4_SID307	B73
4	TCCAGAAGGCAACA	PN4_SID380	B73
4	TCCATGTGTCCAGG	PN4_SID349	B73
4	TCCGAAGTTGTAGA	PN4_SID375	B73
4	TCGATCTTCGGCAG	PN4_SID345	B73
4	TCGATGCTATATGA	PN4_SID376	B73
4	TCGATTGGTAATGG	PN4_SID341	B73
4	TCTTGAACGACTAA	PN4_SID311	Teo
4	TTCATGGTAGAGAG	PN4_SID342	B73
4	TTCTGAGGCGATGG	PN4_SID333	B73
4	TTGCTACCATTGAA	PN4_SID326	Teo
