sample_id	barcode
PN2_SID100	ACGAGCAGATGCAG
PN2_SID101	TTCAATCTCCTTAG
PN2_SID102	CTCGGTTCGAATGC
PN2_SID103	TACACTATAGCTAG
PN2_SID104	CAAGTATAAGGAAC
PN2_SID105	CTGATATGCAGCGA
PN2_SID106	ACAATAGGTGGTCC
PN2_SID107	AACCATCGCATCCA
PN2_SID108	CAGTCTAGTGCGCA
PN2_SID109	CCGCAAGAGGTTGG
PN2_SID110	TAACACCTCCAACG
PN2_SID111	CAGACATGATAGAG
PN2_SID112	AACAACCGAAGTAA
PN2_SID113	AACTAGTATCCGGA
PN2_SID114	ACGCAGCGAGCAGA
PN2_SID115	TCCAAGGCATTAAG
PN2_SID116	TATGACTGCATGCG
PN2_SID117	ACCGGATAACGGAA
PN2_SID118	ATAATATTGCCTCC
PN2_SID119	TCTTGAACGACTAA
PN2_SID120	TTAACTTACGGTCA
PN2_SID121	CATGCTAGCGATCG
PN2_SID122	TAAGCAACAGCCGA
PN2_SID123	ATGTAGGTAATCGG
PN2_SID124	CAGCAGCGCTGACA
PN2_SID125	TATGTACGTAGAGA
PN2_SID126	CAGATCGCTCTGCG
PN2_SID127	TAACCTAACTTCAC
PN2_SID128	CTCCTAACACAGCC
PN2_SID129	ATACCGTTGGAGGA
PN2_SID130	CTTATATCGTCGGC
PN2_SID131	AAGTACTGATCCAA
PN2_SID132	TACTGACTATCGAG
PN2_SID133	ATTGCGTCCATTAG
PN2_SID134	TTGCTACCATTGAA
PN2_SID135	AAGCGCACCGGAAC
PN2_SID136	ACCAACTTAGACAA
PN2_SID137	TCAGCGTGTCGTCA
PN2_SID138	ATTCCGCTCTGAGG
PN2_SID139	ACCGATGTGCCGGA
PN2_SID140	CTAAGGAAGGACCG
PN2_SID141	TTCTGAGGCGATGG
PN2_SID142	ACATCTTCTTGAAC
PN2_SID143	ACAGACGATAGTCA
PN2_SID144	ACTATCTGCAGTCG
PN2_SID145	CATGTGTACTAGCA
PN2_SID146	CTCTGGCTTGCAGG
PN2_SID147	ACGGCCTTCAACCA
PN2_SID148	CCATATTGAAGCAC
PN2_SID149	TCGATTGGTAATGG
PN2_SID150	TTCATGGTAGAGAG
PN2_SID151	ACGCTCCTAACGGC
PN2_SID152	CTCAATTAGAGACC
PN2_SID153	TCGATCTTCGGCAG
PN2_SID154	CACATCGACAGCAG
PN2_SID155	AACCTGCTATCCGG
PN2_SID156	ATCCGGCGATGACC
PN2_SID157	TCCATGTGTCCAGG
PN2_SID158	ATCGATGTCATAGC
PN2_SID159	CTCCGCATGCTTCC
PN2_SID160	CACGTAGCTAGACG
PN2_SID161	AACATGGCACGGAA
PN2_SID162	ATGCTATCTAGACA
PN2_SID163	ACCAATCCGTATAA
PN2_SID164	CTCGTGCCTCAGGA
PN2_SID165	ATGCAATTACACCG
PN2_SID166	CCTCCATCCATGGA
PN2_SID167	ACGGCTCTTAGGCC
PN2_SID168	TCCAACTACCGAAC
PN2_SID169	TATGAGAGCTATGA
PN2_SID170	CAAGGCGTGGTTAC
PN2_SID171	ATTATCGGATTCGG
PN2_SID172	ATCCTAAGTGGAGG
PN2_SID173	ATACGATGCTGCGC
PN2_SID174	AAGCCTTAGGCCGC
PN2_SID175	AATGTGTGGATACC
PN2_SID176	ATGCTGCAACGGCA
PN2_SID177	CTTGATAAGCCAGG
PN2_SID178	CATGGAACTCCGGC
PN2_SID179	TAAGGACCTCATAA
PN2_SID180	TCTGTCTATGCAGC
PN2_SID181	CAACCAACCTATAG
PN2_SID182	CCGGTAGAATGGCC
PN2_SID183	TCCGAAGTTGTAGA
PN2_SID184	TCGATGCTATATGA
PN2_SID185	ACAAGGTTCCGCCG
PN2_SID186	CCACGTTCCGGTAG
PN2_SID187	ACTTAAGGTCCAAC
PN2_SID188	TCCAGAAGGCAACA
PN2_SID189	CTGCTCATGAGAGA
PN2_SID190	ATGAATGTTGCCAC
PN2_SID191	CTCTCAAGTCCTCC
PN2_SID192	ATTCCAGTTCTTGC
PN2_SID97	TACGTTATTCCGAA
PN2_SID98	AACAGGATAACTCC
PN2_SID99	ACTCAGGCACCTCC
